Tactic Games,Poznajmy sie jak lyse konie,Imprezowa,15,1-1-2022,52,4,60,2-4
Alias,Alias Original,Rodzinna,10,1-1-2015,120,5,45,2-4
Moduko Gry,Wirus!,Karciana,8,1-1-2017,35,3,20,4-8
Egmont,Recto Verso,Familijna,7,1-1-2022,109,3,30,2-6
Hasbro,Jenga Classic,Zrecznosciowe,6,1-10-2017,56,5,20,4-10
Hasbro,Taboo,Towarzyskie,13,9-8-2013,110,5,999,2-4
Trefl,Cztery sery,Planszowa,5,1-1-2018,45,5,20,2-8
Trefl,Po prostu P. Prostokaty,Rodzinne,8,1-1-2015,70,5,30,2-8
IPN,Reglamentacja,Rodzinne,8,17-11-2014,32,5,30,2-8
Albi,Bialy sen,Strategiczne,18,1-1-2020,47,6,90,2-10
Albino,Kto pyta ten wie,Logiczne,12,1-1-2019,47,2,30,2-4
Lucky Duck Games,Flamecraft:Edycja polska,Strategiczne,10,19-10-2022,117,3,60,2-5
Mattel,Uno,Karciana,7,1-1-1997,30,3,30,2-6
Hasbro,Monopoly Classic,Planszowe,8,26-11-2021,113,3,90,2-8
Ubongo,Ubongo,Karciana,8,1-1-2019,39,40,3,2-8
